{
    "rmse": 0.7507687879849099,
    "mae": 0.5769125277731068,
    "r2": 0.25910581576375347
}